ABPL10003,ABPL10004,ABPL10005,ABPL10006,ABPL20004,ABPL20027,ABPL20028,ABPL20030,ABPL20031,ABPL20033,ABPL20034,ABPL20035,ABPL20036,ABPL20037,ABPL20038,ABPL20039,ABPL20040,ABPL20042,ABPL20045,ABPL20047,ABPL20048,ABPL20049,ABPL20051,ABPL20052,ABPL20053,ABPL20054,ABPL30006,ABPL30012,ABPL30037,ABPL30039,ABPL30040,ABPL30041,ABPL30042,ABPL30044,ABPL30045,ABPL30046,ABPL30048,ABPL30049,ABPL30050,ABPL30051,ABPL30052,ABPL30053,ABPL30055,ABPL30056,ABPL30057,ABPL30058,ABPL30059,ABPL30060,ABPL30061,ABPL30062,ABPL30063,ABPL30064,ABPL30065,ABPL30066,ABPL30067,ABPL30068,ABPL30069,ABPL90010,ABPL90011,ABPL90016,ABPL90017,ABPL90020,ABPL90022,ABPL90026,ABPL90027,ABPL90028,ABPL90029,ABPL90030,ABPL90031,ABPL90032,ABPL90034,ABPL90035,ABPL90036,ABPL90038,ABPL90040,ABPL90041,ABPL90045,ABPL90048,ABPL90055,ABPL90056,ABPL90061,ABPL90064,ABPL90065,ABPL90066,ABPL90067,ABPL90072,ABPL90074,ABPL90075,ABPL90077,ABPL90078,ABPL90085,ABPL90086,ABPL90088,ABPL90089,ABPL90090,ABPL90107,ABPL90111,ABPL90114,ABPL90115,ABPL90117,ABPL90118,ABPL90120,ABPL90121,ABPL90123,ABPL90124,ABPL90129,ABPL90130,ABPL90131,ABPL90132,ABPL90134,ABPL90135,ABPL90140,ABPL90142,ABPL90143,ABPL90146,ABPL90147,ABPL90149,ABPL90151,ABPL90152,ABPL90153,ABPL90167,ABPL90169,ABPL90170,ABPL90172,ABPL90173,ABPL90176,ABPL90207,ABPL90208,ABPL90222,ABPL90236,ABPL90241,ABPL90246,ABPL90260,ABPL90263,ABPL90264,ABPL90265,ABPL90266,ABPL90268,ABPL90271,ABPL90272,ABPL90273,ABPL90274,ABPL90275,ABPL90277,ABPL90279,ABPL90280,ABPL90281,ABPL90282,ABPL90283,ABPL90284,ABPL90285,ABPL90286,ABPL90287,ABPL90288,ABPL90289,ABPL90290,ABPL90292,ABPL90293,ABPL90295,ABPL90296,ABPL90297,ABPL90303,ABPL90304,ABPL90305,ABPL90306,ABPL90307,ABPL90308,ABPL90309,ABPL90310,ABPL90311,ABPL90312,ABPL90313,ABPL90314,ABPL90315,ABPL90316,ABPL90319,ABPL90320,ABPL90321,ABPL90322,ABPL90323
ABPL90324,ABPL90325,ABPL90326,ABPL90327,ABPL90328,ABPL90330,ABPL90331,ABPL90332,ABPL90334,ABPL90335,ABPL90336,ABPL90337,ABPL90338,ABPL90339,ABPL90340,ABPL90341,ABPL90354,ABPL90355,ABPL90356,ABPL90357,ABPL90358,ABPL90359,ABPL90360,ABPL90361,ABPL90362,ABPL90363,ABPL90364,ABPL90366,ABPL90367,ABPL90368,ABPL90369,ABPL90370,ABPL90371,ABPL90373,ABPL90374,ABPL90375,ABPL90376,ABPL90377,ABPL90378,ABPL90380,ABPL90381,ABPL90382,ABPL90383,ABPL90384,ABPL90385,ABPL90386,ABPL90387,ABPL90388,ABPL90389,ABPL90390,ABPL90391,ABPL90394,ABPL90395,ABPL90396,ABPL90397,ABPL90398,ABPL90399,ABPL90400,ABPL90402,ABPL90403,ABPL90404,ABPL90405,ABPL90406,ABPL90407,ABPL90408,ABPL90409,ABPL90410,ABPL90411,ABPL90412,ACCT10001,ACCT10002,ACCT10004,ACCT20001,ACCT20002,ACCT20004,ACCT20006,ACCT20007,ACCT30001,ACCT30002,ACCT30004,ACCT30006,ACCT30007,ACCT30011,ACCT40001,ACCT40002,ACCT40003,ACCT40004,ACCT40006,ACCT40007,ACCT40008,ACCT40009,ACCT40010,ACCT90002,ACCT90003,ACCT90004,ACCT90005,ACCT90006,ACCT90007,ACCT90008,ACCT90009,ACCT90010,ACCT90011,ACCT90012,ACCT90013,ACCT90014,ACCT90015,ACCT90016,ACCT90017,ACCT90019,ACCT90020,ACCT90021,ACCT90022,ACCT90026,ACCT90027,ACCT90030,ACCT90031,ACCT90033,ACCT90034,ACCT90035,ACCT90036,ACCT90037,ACCT90038,ACCT90039,ACCT90040,ACCT90041,ACTL10001,ACTL20001,ACTL20002,ACTL30001,ACTL30002,ACTL30003,ACTL30004,ACTL30005,ACTL30006,ACTL40001,ACTL40002,ACTL40003,ACTL40004,ACTL40006,ACTL40007,ACTL40008,ACTL40009,ACTL40010,ACTL40011,ACTL90001,ACTL90002,ACTL90003,ACTL90004,ACTL90005,ACTL90006,ACTL90007,ACTL90008,ACTL90009,ACTL90010,ACTL90011,ACTL90013,ACTL90014,ACTL90015,ACTL90016,ACTL90017,ACTL90018,ACUR90001,ACUR90002,ACUR90005,ACUR90006,ACUR90007,ACUR90008,ACUR90009,ACUR90010,AGRI10039,AGRI10044,AGRI10045,AGRI10046,AGRI10047,AGRI10048,AGRI10049,AGRI10050,AGRI10051,AGRI10052,AGRI20003,AGRI20026,AGRI20027,AGRI20030,AGRI20035,AGRI20036,AGRI20037,AGRI20038,AGRI20040,AGRI20041,AGRI20042,AGRI20043,AGRI20044,AGRI30002,AGRI30003,AGRI30005,AGRI30006,AGRI30011,AGRI30012,AGRI30016,AGRI30022
AGRI30030,AGRI30033,AGRI30035,AGRI30036,AGRI30037,AGRI30038,AGRI30039,AGRI30040,AGRI30041,AGRI30042,AGRI30043,AGRI30044,AGRI30045,AGRI30046,AGRI30047,AGRI30048,AGRI40017,AGRI40018,AGRI50001,AGRI90012,AGRI90013,AGRI90014,AGRI90016,AGRI90034,AGRI90057,AGRI90058,AGRI90066,AGRI90070,AGRI90072,AGRI90075,AGRI90076,AGRI90077,AGRI90078,AGRI90079,AGRI90080,AGRI90081,AGRI90082,AGRI90083,AGRI90084,AGRI90086,AGRI90087,AGRI90088,AGRI90089,AGRI90090,AGRI90091,AGRI90092,AGRI90093,AGRI90094,AHIS10001,AHIS10002,AHIS20002,AHIS20011,AHIS20016,AHIS20018,AHIS20019,AHIS20020,AHIS20021,AHIS30002,AHIS30003,AHIS30005,AHIS30019,AHIS30020,AHIS30021,AHIS30022,AHIS40002,AHIS40005,AHIS40006,AHIS40007,AHIS40008,AHIS40013,AHIS40015,AHIS40016,AHIS40019,AHIS40020,AHIS40022,AHIS40023,AHIS40024,AHIS70001,AHIS90004,AHIS90005,AHIS90007,AHIS90008,AHIS90009,AHIS90010,AIND10001,AIND10002,AIND10003,AIND10004,AIND20005,AIND20007,AIND20008,AIND20009,AIND20010,AIND20011,AIND30007,AIND30008,AIND30010,AIND30011,AIND40001,AIND40003,AIND40005,AIND40007,AIND40008,AIND90002,AMGT50001,AMGT90001,AMGT90002,AMGT90004,AMGT90006,AMGT90007,AMGT90011,AMGT90012,AMGT90013,AMGT90014,AMGT90015,AMGT90017,AMGT90018,AMGT90024,AMGT90025,AMGT90026,AMGT90027,AMGT90028,AMGT90029,AMGT90030,AMGT90031,ANAT20006,ANAT30007,ANAT30008,ANAT40001,ANAT40002,ANAT40005,ANAT90004,ANAT90008,ANAT90011,ANAT90012,ANAT90013,ANAT90014,ANAT90015,ANCW10001,ANCW10002,ANCW10004,ANCW10006,ANCW10007,ANCW10008,ANCW10009,ANCW20003,ANCW20015,ANCW20018,ANCW20019,ANCW20022,ANCW20023,ANCW20024,ANCW20025,ANCW20026,ANCW30004,ANCW30011,ANCW30016,ANCW30017,ANCW30020,ANCW30021,ANCW30023,ANCW30025,ANCW40001,ANCW40003,ANCW40007,ANCW40012,ANCW40014,ANCW40015,ANCW40016,ANCW40017,ANCW40018,ANCW90003,ANSC10001,ANSC10002,ANSC20001,ANSC20002,ANSC20003,ANSC20004,ANSC20005,ANSC30001,ANSC30002,ANSC30003,ANSC30004,ANSC30005,ANSC30006,ANSC30007,ANSC30008,ANSC30009,ANSC40001,ANSC40002,ANSC90001,ANSC90002,ANSC90003,ANSC90004,ANSC90005,ANSC90006,ANSC90007,ANSC90009,ANTH10001,ANTH20001
ANTH20006,ANTH20007,ANTH20008,ANTH20011,ANTH20012,ANTH20013,ANTH20014,ANTH30003,ANTH30004,ANTH30005,ANTH30009,ANTH30013,ANTH30017,ANTH30018,ANTH30019,ANTH30020,ANTH30021,ANTH30022,ANTH40001,ANTH40007,ANTH40009,ANTH40010,ANTH40011,ANTH40012,ANTH90004,ANTH90005,ARBC10001,ARBC10002,ARBC10003,ARBC10004,ARBC10005,ARBC10006,ARBC20001,ARBC20002,ARBC20003,ARBC20004,ARBC20005,ARBC20006,ARBC20007,ARBC30001,ARBC30002,ARBC30003,ARBC30004,ARBC30005,ARBC30006,ARBC30007,ARBC40001,ARBC40002,ARBC40007,ARBC40008,ARBC90002,ARBC90003,ARCH10001,ARCH10002,ARCH10003,ARCH20001,ARCH20002,ARCH20003,ARCH20004,ARCH30001,ARCH30002,ARCH30003,ARCH30004,ARCH30005,ARTS30001,ARTS30002,ARTS90001,ARTS90002,ARTS90003,ARTS90004,ARTS90005,ARTS90006,ARTS90007,ARTS90008,ARTS90009,ARTS90010,ARTS90011,ARTS90012,ARTS90013,ARTS90014,ARTS90015,ARTS90018,ARTS90019,ARTS90020,ARTS90021,ARTS90022,ASIA10001,ASIA10002,ASIA20001,ASIA20003,ASIA20004,ASIA20005,ASIA20006,ASIA30002,ASIA30003,ASIA30004,ASIA40004,ASIA40005,ASIA80001,ASIA90001,ASIA90004,ASIA90008,ASIA90009,ASIA90011,ASIA90012,ASIA90013,ASIA90014,ASIA90015,ASIA90016,ASIA90017,ASIA90018,ATOC10001,ATOC20001,ATOC30003,ATOC30004,ATOC30006,ATOC30008,ATOC90002,ATOC90004,ATOC90005,ATOC90006,ATOC90007,ATOC90010,ATOC90011,ATOC90012,ATOC90013,ATOC90014,AUDI90001,AUDI90002,AUDI90004,AUDI90005,AUDI90006,AUDI90007,AUDI90012,AUDI90015,AUDI90016,AUDI90017,AUDI90021,AUDI90022,AUDI90023,AUDI90024,AUDI90025,AUDI90027,AUDI90028,AUDI90029,AUDI90030,AUDI90031,AUDI90032,AUDI90033,AUDI90034,AUDI90035,AUDI90036,AUDI90038,AUDI90039,AUDI90040,AUDI90041,AUST70001,AUST90008,BCMB20002,BCMB20003,BCMB20005,BCMB30001,BCMB30002,BCMB30003,BCMB30004,BCMB30010,BCMB30011,BCMB40002,BCMB40009,BCMB40010,BCMB40011,BCMB40012,BIEN90001,BIEN90002,BIEN90003,BIEN90004,BINF20001,BINF90001,BINF90002,BINF90004,BINF90008,BINF90009,BINF90010,BINF90011,BINF90012,BINF90013,BINF90014,BIOL10001,BIOL10002,BIOL10003,BIOL10004,BIOL10005,BIOL10006,BIOL20001,BIOL30001,BIOL30002,BIOL30003,BIOL40004,BIOL40005,BIOL40006
BIOL40007,BIOL40008,BIOL40009,BIOL40010,BIOL40011,BIOL40012,BIOL40013,BIOL90001,BIOL90002,BIOL90004,BIOL90005,BIOL90006,BIOL90007,BIOL90008,BIOL90009,BIOL90010,BIOL90011,BIOL90012,BIOL90013,BIOL90014,BIOL90015,BIOL90016,BIOL90017,BIOL90018,BIOL90019,BIOL90028,BIOL90029,BIOL90030,BIOL90031,BIOM20001,BIOM20002,BIOM30001,BIOM30002,BIOM30003,BIOM40001,BIOM90012,BIOM90013,BIOM90014,BIOM90015,BISY40002,BISY90009,BISY90016,BISY90017,BLAW10001,BLAW10002,BLAW20001,BLAW20002,BLAW30002,BLAW30003,BLAW30004,BMEN20001,BMEN30005,BMEN30006,BMEN30007,BMEN30008,BMEN70001,BMEN90002,BMEN90003,BMEN90004,BMEN90011,BMEN90012,BMEN90017,BMEN90018,BMEN90019,BMEN90021,BMEN90022,BMEN90023,BMEN90026,BMEN90027,BMEN90028,BMEN90029,BMEN90030,BMEN90031,BMEN90032,BMEN90033,BMSC40003,BMSC40007,BMSC40008,BMSC90012,BMSC90013,BMSC90014,BOTA20001,BOTA20002,BOTA20004,BOTA30001,BOTA30002,BOTA30004,BOTA30005,BOTA30006,BOTA40001,BOTA40006,BOTA40007,BOTA90005,BOTA90014,BTCH20002,BTCH30001,BTCH30002,BTCH30003,BTCH90005,BTCH90009,BTCH90010,BUSA20001,BUSA30000,BUSA90001,BUSA90002,BUSA90003,BUSA90013,BUSA90014,BUSA90025,BUSA90026,BUSA90027,BUSA90030,BUSA90042,BUSA90046,BUSA90050,BUSA90053,BUSA90054,BUSA90055,BUSA90059,BUSA90060,BUSA90061,BUSA90072,BUSA90073,BUSA90074,BUSA90086,BUSA90090,BUSA90093,BUSA90094,BUSA90095,BUSA90124,BUSA90126,BUSA90132,BUSA90133,BUSA90139,BUSA90167,BUSA90172,BUSA90184,BUSA90193,BUSA90194,BUSA90195,BUSA90201,BUSA90218,BUSA90224,BUSA90225,BUSA90226,BUSA90227,BUSA90228,BUSA90229,BUSA90243,BUSA90244,BUSA90245,BUSA90246,BUSA90248,BUSA90258,BUSA90261,BUSA90270,BUSA90271,BUSA90273,BUSA90274,BUSA90279,BUSA90299,BUSA90315,BUSA90322,BUSA90341,BUSA90360,BUSA90395,BUSA90403,BUSA90458,BUSA90470,BUSA90471,BUSA90473,BUSA90474,BUSA90475,BUSA90476,BUSA90477,BUSA90478,BUSA90479,BUSA90480,BUSA90481,BUSA90482,BUSA90483,BUSA90485,BUSA90487,BUSA90488,BUSA90490,BUSA90491,BUSA90492,BUSA90493,BUSA90494,BUSA90495,BUSA90498,BUSA90499,BUSA90500,BUSA90501,BUSA90502,BUSA90503,BUSA90504,BUSA90505,BUSA90506,BUSA90507
BUSA90508,BUSA90509,BUSA90510,BUSA90511,BUSA90512,BUSA90513,BUSA90514,BUSA90515,BUSA90516,BUSA90517,BUSA90518,BUSA90519,BUSA90520,BUSA90521,BUSA90522,BUSA90523,BUSA90524,CCDP10002,CCDP10003,CCDP20001,CCDP40001,CCDP40002,CCDP40003,CCDP90011,CCDP90014,CCDP90017,CEDB20003,CEDB30002,CEDB30003,CEDB30004,CHEM10003,CHEM10004,CHEM10006,CHEM10007,CHEM10008,CHEM10009,CHEM20011,CHEM20018,CHEM20019,CHEM20020,CHEM20026,CHEM30001,CHEM30004,CHEM30009,CHEM30012,CHEM30013,CHEM30014,CHEM30015,CHEM30016,CHEM30017,CHEM40010,CHEM40011,CHEM40012,CHEM40013,CHEM70002,CHEM90006,CHEM90007,CHEM90023,CHEM90024,CHEM90025,CHEM90026,CHEM90027,CHEM90028,CHEM90029,CHEM90030,CHEM90031,CHEM90032,CHEM90033,CHEM90034,CHEM90035,CHEM90036,CHEM90037,CHEM90038,CHEM90039,CHEM90040,CHEM90041,CHEM90042,CHEM90043,CHEM90044,CHEM90045,CHEM90046,CHEM90047,CHEM90048,CHEM90049,CHEM90050,CHEM90051,CHEM90052,CHEM90053,CHEM90054,CHEM90055,CHEN20009,CHEN20010,CHEN20011,CHEN30001,CHEN30005,CHEN30015,CHEN80001,CHEN90005,CHEN90007,CHEN90010,CHEN90011,CHEN90012,CHEN90013,CHEN90018,CHEN90019,CHEN90020,CHEN90022,CHEN90023,CHEN90026,CHEN90027,CHEN90028,CHEN90030,CHEN90031,CHEN90032,CHEN90034,CHEN90035,CHEN90036,CHIN10001,CHIN10002,CHIN10003,CHIN10004,CHIN10005,CHIN10006,CHIN10009,CHIN10015,CHIN10016,CHIN10017,CHIN10018,CHIN10019,CHIN20001,CHIN20002,CHIN20003,CHIN20004,CHIN20005,CHIN20006,CHIN20007,CHIN20008,CHIN20009,CHIN20010,CHIN20011,CHIN20012,CHIN20013,CHIN20016,CHIN20021,CHIN20022,CHIN20025,CHIN20026,CHIN20027,CHIN20028,CHIN20029,CHIN30001,CHIN30002,CHIN30003,CHIN30005,CHIN30006,CHIN30007,CHIN30008,CHIN30009,CHIN30010,CHIN30011,CHIN30012,CHIN30018,CHIN30024,CHIN40006,CHIN40007,CHIN90001,CHIN90002,CHIN90003,CHIN90005,CHIN90006,CICU30012,CICU50001,CLAS10004,CLAS10005,CLAS10006,CLAS10007,CLAS10012,CLAS10014,CLAS10020,CLAS10021,CLAS20013,CLAS20014,CLAS20015,CLAS20016,CLAS20021,CLAS20026,CLAS20029,CLAS20030,CLAS20031,CLAS20035,CLAS30004,CLAS30009,CLAS30013,CLAS30024,CLAS30025,CLAS30045,CLAS40034,CLAS40035,CLAS40036,CLAS40037
CLRS90004,CLRS90010,CLRS90011,CLRS90013,CLRS90016,CLRS90017,CLRS90027,CLRS90028,CLRS90029,COMP10001,COMP10002,COMP10003,COMP20003,COMP20005,COMP20007,COMP20008,COMP30013,COMP30014,COMP30019,COMP30020,COMP30022,COMP30023,COMP30024,COMP30026,COMP30027,COMP80001,COMP90005,COMP90007,COMP90014,COMP90015,COMP90016,COMP90017,COMP90018,COMP90019,COMP90020,COMP90024,COMP90025,COMP90028,COMP90030,COMP90037,COMP90038,COMP90041,COMP90042,COMP90043,COMP90044,COMP90045,COMP90046,COMP90048,COMP90049,COMP90050,COMP90051,COMP90053,COMP90054,COMP90055,COMP90056,COMP90057,COMP90059,COMP90060,COMP90061,COMP90062,COMP90063,COMP90064,COMP90065,COMP90066,COMP90067,COMP90068,COMP90069,COMP90070,COMP90071,COMP90072,COMP90073,COMP90074,COMP90075,COMP90076,CONS10001,CONS20002,CONS30001,CONS30002,CONS90001,CREA70001,CREA80001,CREA90001,CRIM10001,CRIM20002,CRIM20003,CRIM20004,CRIM20006,CRIM20007,CRIM20008,CRIM30001,CRIM30002,CRIM30005,CRIM30006,CRIM30010,CRIM30011,CRIM40002,CRIM40003,CRIM40005,CRIM40008,CRIM40009,CRIM90004,CRIM90007,CRIM90008,CRIM90009,CRIM90010,CRIM90011,CRIM90012,CRIM90013,CRIM90015,CRIM90016,CRIM90017,CRIM90018,CRIM90019,CRIM90020,CRIM90022,CRIM90023,CRIM90025,CRIM90027,CRIM90028,CRIM90029,CRIM90030,CRIM90031,CRIM90032,CRIM90033,CRIM90034,CRIM90035,CULS10005,CULS20013,CULS20014,CULS20015,CULS20016,CULS30002,CULS30003,CULS30004,CULS40001,CULS40002,CULS40004,CULS40006,CULS40011,CULS40014,CULS90004,CULS90008,CULS90009,CULS90010,CUMC90003,CUMC90004,CUMC90005,CUMC90006,CUMC90009,CUMC90020,CUMC90021,CUMC90022,CUMC90023,CUMC90024,CUMC90025,CUMC90026,CUMC90027,CUMC90028,CUMC90029,CUMC90030,CUMC90031,CUMC90032,CUMC90033,CUMC90034,CUMC90035,CUMC90036,CVEN30008,CVEN30009,CVEN30010,CVEN30011,CVEN80001,CVEN90016,CVEN90017,CVEN90018,CVEN90019,CVEN90024,CVEN90026,CVEN90027,CVEN90035,CVEN90038,CVEN90043,CVEN90044,CVEN90045,CVEN90047,CVEN90048,CVEN90049,CVEN90050,CVEN90051,CVEN90056,CVEN90058,CVEN90059,CVEN90060,CVEN90061,CVEN90062,CVEN90063,CVEN90064,CVEN90065,CVEN90066,CVEN90067,CVEN90068
CVEN90069,CVEN90070,CWRI10001,CWRI20002,CWRI20005,CWRI20007,CWRI20009,CWRI20010,CWRI30001,CWRI30004,CWRI30006,CWRI30013,CWRI30014,CWRI30015,CWRI40004,CWRI40009,CWRI40010,CWRI40011,CWRI40012,CWRI40013,CWRI40014,CWRI40015,CWRI40016,CWRI40017,CWRI90004,CWRI90009,CWRI90010,CWRI90015,CWRI90016,CWRI90017,CWRI90018,DENT10001,DENT40003,DENT40009,DENT40010,DENT40011,DENT50001,DENT90011,DENT90012,DENT90013,DENT90014,DENT90015,DENT90016,DENT90017,DENT90018,DENT90019,DENT90020,DENT90021,DENT90022,DENT90023,DENT90024,DENT90025,DENT90026,DENT90027,DENT90028,DENT90029,DENT90030,DENT90031,DENT90032,DENT90033,DENT90034,DENT90035,DENT90036,DENT90037,DENT90038,DENT90039,DENT90040,DENT90041,DENT90042,DENT90045,DENT90046,DENT90047,DENT90048,DENT90058,DENT90059,DENT90060,DENT90061,DENT90062,DENT90063,DENT90064,DENT90065,DENT90066,DENT90067,DENT90068,DENT90069,DENT90070,DENT90071,DENT90072,DENT90073,DENT90074,DENT90075,DENT90076,DENT90077,DENT90078,DENT90079,DENT90080,DENT90081,DENT90082,DENT90083,DENT90086,DENT90087,DENT90088,DENT90089,DENT90090,DENT90091,DENT90092,DENT90093,DENT90094,DENT90095,DENT90096,DENT90097,DENT90098,DENT90099,DENT90100,DENT90101,DENT90102,DENT90103,DENT90104,DENT90105,DENT90106,DENT90107,DENT90108,DENT90109,DENT90110,DENT90111,DENT90112,DENT90113,DENT90114,DENT90115,DENT90116,DENT90117,DENT90118,DENT90119,DENT90120,DENT90121,DENT90122,DENT90123,DENT90124,DENT90125,DENT90126,DENT90127,DENT90128,DENT90129,DENT90130,DEVT10001,DEVT20001,DEVT20003,DEVT20004,DEVT40009,DEVT40010,DEVT50001,DEVT50002,DEVT90001,DEVT90002,DEVT90003,DEVT90005,DEVT90007,DEVT90008,DEVT90009,DEVT90035,DEVT90039,DEVT90040,DEVT90041,DEVT90042,DEVT90043,DEVT90044,DEVT90045,DEVT90046,DEVT90047,DEVT90049,DEVT90053,DEVT90054,DEVT90055,DEVT90056,DEVT90057,DEVT90058,DEVT90059,DEVT90060,DEVT90061,DEVT90062,DEVT90063,DEVT90064,DEVT90065,DEVT90066,DNCE10012,DNCE10013,DNCE10016,DNCE10017,DNCE10018,DNCE10019,DNCE10020,DNCE10021,DNCE10022,DNCE10023,DNCE10025,DNCE10026,DNCE10027,DNCE10028,DNCE20013,DNCE20014
DNCE20015,DNCE20016,DNCE20017,DNCE20018,DNCE20019,DNCE20020,DNCE20023,DNCE20024,DNCE20025,DNCE20026,DNCE20027,DNCE20028,DNCE20029,DNCE20031,DNCE20032,DNCE30002,DNCE30010,DNCE30011,DNCE30012,DNCE30013,DNCE30014,DNCE30015,DNCE30016,DNCE30019,DNCE30020,DNCE30021,DNCE30022,DNCE30024,DNCE30025,DNCE40004,DNCE40005,DNCE40006,DNCE60047,DNCE90003,DNCE90004,DNCE90005,DNCE90006,DNCE90007,DNCE90008,DNCE90009,DNCE90010,DNCE90011,DNCE90012,DPSS10001,DPSS10002,DPSS10004,DPSS10005,DPSS10006,DPSS10007,DPSS20001,DPSS20002,DPSS20003,DPSS20004,DPSS20005,DPSS20006,DPSS20007,DPSS20008,DPSS20009,DPSS30001,DPSS30002,DPSS30003,DPSS30004,DPSS30005,DPSS30006,DPSS30007,DRAM10012,DRAM10013,DRAM10014,DRAM10015,DRAM10026,DRAM10027,DRAM10028,DRAM10029,DRAM10030,DRAM10031,DRAM20022,DRAM20023,DRAM20024,DRAM20025,DRAM20026,DRAM20027,DRAM30020,DRAM30021,DRAM30022,DRAM30023,DRAM30024,DRAM30025,DRAM30026,DRAM40001,DRAM40002,DRAM40003,DRAM90010,DRAM90011,DRAM90012,DRAM90013,DRAM90016,DRAM90017,DRAM90018,DRAM90019,DRAM90020,DRAM90021,ECOL20003,ECOL30005,ECOL30006,ECOL30007,ECOM20001,ECOM20002,ECOM30001,ECOM30002,ECOM30003,ECOM30004,ECOM40001,ECOM40002,ECOM40003,ECOM40004,ECOM40005,ECOM40006,ECOM40007,ECOM90001,ECOM90002,ECOM90003,ECOM90004,ECOM90005,ECOM90006,ECOM90007,ECOM90008,ECOM90009,ECOM90010,ECOM90011,ECOM90012,ECOM90013,ECOM90014,ECOM90015,ECOM90017,ECOM90018,ECOM90019,ECOM90020,ECOM90021,ECOM90022,ECOM90023,ECON10002,ECON10003,ECON10004,ECON10005,ECON10006,ECON20001,ECON20002,ECON20003,ECON20004,ECON20005,ECON20006,ECON20007,ECON20008,ECON20010,ECON20011,ECON30001,ECON30002,ECON30003,ECON30005,ECON30006,ECON30007,ECON30008,ECON30009,ECON30010,ECON30011,ECON30013,ECON30016,ECON30017,ECON30018,ECON30019,ECON30020,ECON30022,ECON30023,ECON30024,ECON30025,ECON40001,ECON40002,ECON40003,ECON40004,ECON40005,ECON40006,ECON40007,ECON40008,ECON40009,ECON40010,ECON40011,ECON40012,ECON40013,ECON40015,ECON40017,ECON40018,ECON40019,ECON40020,ECON90002,ECON90003,ECON90004,ECON90005,ECON90009,ECON90010,ECON90011
ECON90012,ECON90013,ECON90014,ECON90015,ECON90016,ECON90019,ECON90021,ECON90022,ECON90023,ECON90024,ECON90025,ECON90027,ECON90028,ECON90029,ECON90032,ECON90033,ECON90034,ECON90037,ECON90045,ECON90047,ECON90052,ECON90053,ECON90054,ECON90055,ECON90056,ECON90062,ECON90063,ECON90064,ECON90065,ECON90066,ECON90067,ECON90068,ECON90069,ECON90070,ECON90071,ECON90072,ECON90073,ECON90074,ECON90075,ECON90076,ECON90077,ECON90078,ECON90079,EDUC10048,EDUC10049,EDUC10050,EDUC10051,EDUC10053,EDUC10054,EDUC10056,EDUC10057,EDUC10058,EDUC10059,EDUC10060,EDUC20062,EDUC20064,EDUC20065,EDUC20068,EDUC20069,EDUC20070,EDUC20071,EDUC20073,EDUC20074,EDUC20075,EDUC20076,EDUC20077,EDUC20078,EDUC20079,EDUC20080,EDUC20081,EDUC20082,EDUC20083,EDUC20084,EDUC20085,EDUC30065,EDUC30067,EDUC30070,EDUC30071,EDUC30072,EDUC30073,EDUC30074,EDUC80002,EDUC90001,EDUC90002,EDUC90006,EDUC90048,EDUC90050,EDUC90057,EDUC90061,EDUC90067,EDUC90073,EDUC90096,EDUC90101,EDUC90109,EDUC90126,EDUC90137,EDUC90139,EDUC90140,EDUC90148,EDUC90194,EDUC90195,EDUC90216,EDUC90217,EDUC90218,EDUC90219,EDUC90220,EDUC90221,EDUC90222,EDUC90223,EDUC90224,EDUC90225,EDUC90226,EDUC90227,EDUC90228,EDUC90229,EDUC90253,EDUC90258,EDUC90260,EDUC90261,EDUC90278,EDUC90287,EDUC90290,EDUC90319,EDUC90320,EDUC90323,EDUC90330,EDUC90331,EDUC90332,EDUC90333,EDUC90334,EDUC90335,EDUC90344,EDUC90355,EDUC90356,EDUC90367,EDUC90369,EDUC90370,EDUC90372,EDUC90373,EDUC90376,EDUC90377,EDUC90378,EDUC90391,EDUC90399,EDUC90408,EDUC90414,EDUC90419,EDUC90422,EDUC90425,EDUC90426,EDUC90428,EDUC90429,EDUC90430,EDUC90431,EDUC90432,EDUC90433,EDUC90434,EDUC90435,EDUC90436,EDUC90437,EDUC90438,EDUC90441,EDUC90442,EDUC90443,EDUC90444,EDUC90445,EDUC90446,EDUC90447,EDUC90448,EDUC90453,EDUC90454,EDUC90457,EDUC90458,EDUC90461,EDUC90462,EDUC90463,EDUC90464,EDUC90465,EDUC90466,EDUC90467,EDUC90468,EDUC90469,EDUC90470,EDUC90471,EDUC90472,EDUC90473,EDUC90474,EDUC90475,EDUC90476,EDUC90477,EDUC90478,EDUC90479,EDUC90480,EDUC90481,EDUC90482,EDUC90489,EDUC90490,EDUC90492,EDUC90493,EDUC90504
EDUC90505,EDUC90506,EDUC90507,EDUC90508,EDUC90516,EDUC90517,EDUC90543,EDUC90558,EDUC90563,EDUC90572,EDUC90578,EDUC90579,EDUC90580,EDUC90582,EDUC90583,EDUC90584,EDUC90587,EDUC90593,EDUC90594,EDUC90596,EDUC90597,EDUC90606,EDUC90607,EDUC90608,EDUC90609,EDUC90610,EDUC90612,EDUC90615,EDUC90619,EDUC90620,EDUC90628,EDUC90629,EDUC90630,EDUC90631,EDUC90638,EDUC90640,EDUC90641,EDUC90642,EDUC90680,EDUC90683,EDUC90684,EDUC90685,EDUC90686,EDUC90700,EDUC90705,EDUC90707,EDUC90709,EDUC90711,EDUC90715,EDUC90716,EDUC90717,EDUC90719,EDUC90727,EDUC90728,EDUC90729,EDUC90736,EDUC90740,EDUC90741,EDUC90742,EDUC90743,EDUC90744,EDUC90747,EDUC90748,EDUC90749,EDUC90750,EDUC90751,EDUC90752,EDUC90753,EDUC90754,EDUC90755,EDUC90756,EDUC90758,EDUC90759,EDUC90769,EDUC90771,EDUC90773,EDUC90774,EDUC90775,EDUC90776,EDUC90777,EDUC90778,EDUC90786,EDUC90787,EDUC90788,EDUC90789,EDUC90790,EDUC90792,EDUC90794,EDUC90801,EDUC90802,EDUC90803,EDUC90804,EDUC90805,EDUC90806,EDUC90807,EDUC90822,EDUC90823,EDUC90828,EDUC90830,EDUC90831,EDUC90832,EDUC90833,EDUC90834,EDUC90835,EDUC90836,EDUC90837,EDUC90838,EDUC90839,EDUC90841,EDUC90842,EDUC90843,EDUC90844,EDUC90845,EDUC90846,EDUC90847,EDUC90848,EDUC90849,EDUC90850,EDUC90851,EDUC90859,EDUC90860,EDUC90861,EDUC90862,EDUC90867,EDUC90868,EDUC90869,EDUC90870,EDUC90871,EDUC90872,EDUC90873,EDUC90875,EDUC90876,EDUC90877,EDUC90878,EDUC90879,EDUC90880,EDUC90881,EDUC90882,EDUC90883,EDUC90884,EDUC90885,EDUC90886,EDUC90887,EDUC90888,EDUC90889,EDUC90890,EDUC90891,EDUC90892,EDUC90893,EDUC90894,EDUC90895,EDUC90896,EDUC90897,EDUC90898,EDUC90899,EDUC90900,EDUC90901,EDUC90902,EDUC90903,EDUC90904,EDUC90905,EDUC90906,EDUC90907,EDUC90908,EDUC90909,EDUC90910,EDUC90913,EDUC90914,EDUC90915,EDUC90916,EDUC90919,EDUC90922,EDUC90923,EDUC90926,EDUC90929,EDUC90930,EDUC90931,EDUC90932,EDUC90933,EDUC90934,EDUC90935,EDUC90936,EDUC90937,EDUC90938,EDUC90939,EDUC90940,EDUC90941,EDUC90942,EDUC90943,EDUC90944,EDUC90945,EDUC90946,EDUC90947,EDUC90948,EDUC90949,EDUC90950,EDUC90951,EDUC90952,EDUC90953,EDUC90954
EDUC90955,EDUC90956,EDUC90957,EDUC90958,EDUC90959,EDUC90960,EDUC90961,EDUC90962,EDUC90963,EDUC90964,EDUC90965,EDUC90966,EDUC90968,EDUC90969,EDUC90970,EDUC90971,EDUC90972,EDUC90973,EDUC90974,EDUC90975,EDUC90976,EDUC90977,EDUC90978,EDUC90987,EDUC90988,EDUC90989,ELEN20005,ELEN30009,ELEN30010,ELEN30011,ELEN30012,ELEN30013,ELEN30014,ELEN80001,ELEN90003,ELEN90006,ELEN90007,ELEN90008,ELEN90011,ELEN90013,ELEN90014,ELEN90016,ELEN90018,ELEN90026,ELEN90027,ELEN90028,ELEN90030,ELEN90034,ELEN90036,ELEN90046,ELEN90051,ELEN90052,ELEN90053,ELEN90054,ELEN90055,ELEN90056,ELEN90057,ELEN90058,ELEN90059,ELEN90060,ELEN90061,ELEN90062,ELEN90064,ELEN90066,ELEN90067,ELEN90068,ELEN90069,ELEN90071,ELEN90074,ELEN90075,ELEN90076,ELEN90077,ELEN90078,ELEN90079,ELEN90080,ELEN90081,ELEN90082,ELEN90083,ELEN90084,ELEN90085,ELEN90086,ELEN90087,ELEN90088,ENEN20002,ENEN30001,ENEN80001,ENEN90005,ENEN90006,ENEN90011,ENEN90014,ENEN90027,ENEN90028,ENEN90029,ENEN90030,ENEN90031,ENEN90032,ENEN90033,ENEN90034,ENEN90037,ENGL10001,ENGL10002,ENGL10004,ENGL10005,ENGL20009,ENGL20020,ENGL20022,ENGL20023,ENGL20025,ENGL20030,ENGL20031,ENGL20032,ENGL20033,ENGL20034,ENGL30002,ENGL30006,ENGL30007,ENGL30013,ENGL30016,ENGL30046,ENGL30047,ENGL30048,ENGL30049,ENGL30050,ENGL40003,ENGL40007,ENGL40010,ENGL40015,ENGL40018,ENGL40020,ENGL40022,ENGL40024,ENGL40025,ENGL40026,ENGL40027,ENGL80001,ENGL90002,ENGM90006,ENGM90007,ENGM90011,ENGM90012,ENGM90013,ENGM90014,ENGM90015,ENGM90016,ENGR10003,ENGR10004,ENGR10005,ENGR20003,ENGR20004,ENGR30002,ENGR30003,ENGR90019,ENGR90020,ENGR90021,ENGR90024,ENGR90026,ENGR90027,ENGR90028,ENGR90029,ENGR90030,ENGR90031,ENGR90032,ENGR90033,ENGR90034,ENGR90035,ENGR90036,ENST10001,ENST10002,ENST10004,ENST20001,ENST20004,ENST30002,ENST30003,ENST90002,ENST90004,ENST90005,ENST90006,ENST90007,ENST90011,ENST90012,ENST90013,ENST90014,ENST90016,ENST90017,ENST90018,ENST90019,ENST90020,ENST90021,ENST90022,ENST90025,ENST90032,ENST90033,ENST90034,ENST90035,ENST90036,ENST90037,ENST90038,ENST90039,ENST90040,ENST90041
ENST90042,ENST90043,ENST90044,ENST90045,ENST90046,ENVS10001,ENVS10002,ENVS10004,ENVS10006,ENVS10010,ENVS20001,ENVS20002,ERTH10002,ERTH10003,ERTH20001,ERTH20002,ERTH20003,ERTH20004,ERTH30001,ERTH40007,ERTH40008,ERTH40009,ERTH40010,ERTH40011,ERTH40012,ERTH90010,ERTH90026,ERTH90028,ERTH90029,ERTH90030,ERTH90031,ERTH90032,ERTH90033,ERTH90034,ERTH90035,ERTH90036,ERTH90037,ERTH90038,ERTH90039,ERTH90040,ERTH90041,ERTH90042,ERTH90043,ERTH90044,ERTH90045,ERTH90046,ERTH90047,ERTH90048,ERTH90049,ERTH90050,ERTH90051,ESLA10003,ESLA10004,ESLA10005,ESLA90001,ESLA90002,ESLA90003,ESLA90004,EURO10002,EURO20001,EURO20002,EURO20003,EURO20005,EURO20006,EURO20007,EURO20008,EURO30001,EURO30002,EURO30003,EURO30004,EURO30005,EURO30006,EURO30007,EURO40001,EURO40002,EURO40003,EURO90001,EVSC10001,EVSC20004,EVSC20005,EVSC20006,EVSC20007,EVSC30002,EVSC30003,EVSC30006,EVSC30007,EVSC90014,EVSC90015,EVSC90017,EVSC90019,EVSC90020,EVSC90022,EVSC90023,EVSC90025,EVSC90026,EVSC90027,EVSC90028,EVSC90029,EVSC90030,EVSC90031,EVSC90032,EVSC90033,FINA10025,FINA10026,FINA10028,FINA10030,FINA10031,FINA10032,FINA10033,FINA10034,FINA10035,FINA10036,FINA10039,FINA20026,FINA20027,FINA20028,FINA20029,FINA20030,FINA20031,FINA20032,FINA20033,FINA20035,FINA20036,FINA20041,FINA20043,FINA20044,FINA20045,FINA20046,FINA30001,FINA30002,FINA30017,FINA30018,FINA30022,FINA30023,FINA30024,FINA40003,FINA40004,FINA40005,FINA60008,FINA60010,FINA60011,FINA60012,FINA60013,FINA60014,FINA70006,FINA70007,FINA70008,FINA70009,FINA70010,FINA70011,FINA70012,FINA70013,FINA90002,FLTV10005,FLTV10006,FLTV10007,FLTV10008,FLTV10009,FLTV10010,FLTV10012,FLTV10013,FLTV10014,FLTV10015,FLTV10016,FLTV10017,FLTV10018,FLTV10019,FLTV10020,FLTV10021,FLTV10023,FLTV20001,FLTV20005,FLTV20006,FLTV20007,FLTV20008,FLTV20009,FLTV20010,FLTV20011,FLTV20012,FLTV20013,FLTV20014,FLTV20015,FLTV20016,FLTV20017,FLTV20018,FLTV20019,FLTV30008,FLTV30009,FLTV30010,FLTV30011,FLTV30012,FLTV30013,FLTV30014,FLTV30015,FLTV30016,FLTV30017,FLTV30018,FLTV30019,FLTV30020,FLTV30021
FLTV30022,FLTV40004,FLTV40005,FLTV40006,FLTV40007,FLTV40008,FLTV40009,FLTV40010,FLTV40011,FLTV40012,FLTV70016,FLTV70017,FLTV70018,FLTV70019,FLTV70020,FLTV70022,FLTV70023,FLTV70026,FLTV70028,FLTV70029,FLTV70030,FLTV70031,FLTV70039,FLTV70040,FLTV70041,FLTV70042,FLTV70043,FLTV70044,FLTV70045,FLTV70046,FLTV70047,FLTV70049,FLTV90003,FLTV90004,FLTV90005,FLTV90006,FLTV90007,FLTV90008,FLTV90009,FLTV90010,FLTV90011,FLTV90012,FLTV90013,FLTV90014,FLTV90015,FLTV90016,FLTV90017,FLTV90018,FLTV90019,FLTV90020,FLTV90021,FLTV90022,FLTV90023,FLTV90024,FNCE10002,FNCE20001,FNCE20002,FNCE20003,FNCE20004,FNCE20005,FNCE30001,FNCE30002,FNCE30003,FNCE30004,FNCE30006,FNCE30007,FNCE30008,FNCE30009,FNCE30010,FNCE30011,FNCE30012,FNCE40001,FNCE40002,FNCE40003,FNCE40004,FNCE40005,FNCE40006,FNCE40008,FNCE40009,FNCE90002,FNCE90005,FNCE90007,FNCE90009,FNCE90011,FNCE90012,FNCE90013,FNCE90015,FNCE90016,FNCE90018,FNCE90019,FNCE90020,FNCE90021,FNCE90022,FNCE90023,FNCE90025,FNCE90026,FNCE90028,FNCE90029,FNCE90030,FNCE90032,FNCE90033,FNCE90034,FNCE90038,FNCE90041,FNCE90042,FNCE90043,FNCE90044,FNCE90045,FNCE90046,FNCE90047,FNCE90048,FNCE90049,FNCE90050,FNCE90051,FNCE90056,FNCE90057,FNCE90060,FNCE90062,FNCE90063,FNCE90064,FNCE90065,FNCE90066,FNCE90067,FNCE90070,FNCE90071,FNCE90072,FNCE90073,FNCE90074,FNCE90075,FNCE90076,FNCE90077,FNCE90078,FNCE90079,FOOD10001,FOOD20003,FOOD20006,FOOD20007,FOOD30007,FOOD30008,FOOD30009,FOOD30010,FOOD40001,FOOD40002,FOOD90007,FOOD90008,FOOD90010,FOOD90012,FOOD90022,FOOD90023,FOOD90028,FOOD90029,FOOD90031,FOOD90032,FOOD90033,FOOD90034,FOOD90035,FOOD90036,FOOD90037,FOOD90038,FOOD90039,FOOD90040,FOOD90041,FOOD90042,FREN10001,FREN10003,FREN10004,FREN10005,FREN10006,FREN10007,FREN20001,FREN20002,FREN20003,FREN20004,FREN20007,FREN20010,FREN20011,FREN20012,FREN20013,FREN20015,FREN20016,FREN20017,FREN20018,FREN20019,FREN20020,FREN20021,FREN20022,FREN30001,FREN30003,FREN30004,FREN30005,FREN30006,FREN30012,FREN30013,FREN30014,FREN30015,FREN30017,FREN30018,FREN30019,FREN30020,FREN40001
FREN40003,FREN40004,FREN40005,FREN40007,FREN40010,FREN40011,FREN90002,FREN90003,FREN90004,FRST20014,FRST20015,FRST30001,FRST30003,FRST90015,FRST90017,FRST90022,FRST90025,FRST90030,FRST90032,FRST90033,FRST90034,FRST90076,FRST90077,FRST90078,GDES10001,GDES20001,GDES20002,GDES30001,GDES30002,GDES30003,GDES30004,GEND10001,GEND20001,GEND20003,GEND20005,GEND20006,GEND20008,GEND30003,GEND30005,GEND40002,GEND40003,GEND40005,GEND40006,GEND40007,GEND70001,GEND90006,GEND90007,GEND90010,GEND90011,GEND90012,GEND90013,GENE10001,GENE20001,GENE20002,GENE20003,GENE30001,GENE30002,GENE30004,GENE30005,GENE90001,GENE90002,GENE90003,GENE90004,GENE90005,GENE90018,GENE90019,GENE90020,GENE90021,GENE90022,GENE90023,GENE90024,GENE90025,GENP40000,GENP40001,GENP40002,GENP60001,GENP60002,GENP90008,GENP90015,GENP90017,GEOG10001,GEOG10002,GEOG10003,GEOG20001,GEOG20002,GEOG20003,GEOG20008,GEOG20010,GEOG20011,GEOG20012,GEOG20013,GEOG20015,GEOG20016,GEOG20017,GEOG30001,GEOG30007,GEOG30019,GEOG30021,GEOG30022,GEOG30023,GEOG30024,GEOG30025,GEOG30026,GEOG30027,GEOG30028,GEOG40003,GEOG40009,GEOG40010,GEOG90003,GEOG90007,GEOG90008,GEOG90010,GEOG90011,GEOG90012,GEOG90013,GEOG90015,GEOG90018,GEOG90019,GEOG90020,GEOG90021,GEOG90022,GEOG90023,GEOG90024,GEOG90025,GEOG90026,GEOG90027,GEOG90028,GEOG90029,GEOG90030,GEOG90031,GEOG90032,GEOG90033,GEOG90036,GEOG90040,GEOG90045,GEOG90046,GEOG90050,GEOG90051,GEOG90052,GEOL20001,GEOL20002,GEOL20003,GEOL20004,GEOL30002,GEOL30003,GEOL30004,GEOL30005,GEOL30006,GEOL30007,GEOL30009,GEOL90005,GEOL90022,GEOL90023,GEOL90024,GEOL90025,GEOL90027,GEOL90028,GEOL90029,GEOL90030,GEOL90031,GEOL90032,GEOL90033,GEOL90034,GEOL90035,GEOL90036,GEOL90037,GEOL90038,GEOL90042,GEOL90043,GEOL90044,GEOL90045,GEOL90046,GEOL90047,GEOL90048,GEOL90049,GEOL90050,GEOM20013,GEOM20015,GEOM30009,GEOM30012,GEOM30013,GEOM80002,GEOM90005,GEOM90006,GEOM90007,GEOM90008,GEOM90010,GEOM90013,GEOM90015,GEOM90017,GEOM90018,GEOM90020,GEOM90023,GEOM90026,GEOM90031,GEOM90033,GEOM90038,GEOM90039,GEOM90040,GEOM90041
GEOM90042,GEOM90043,GEOM90044,GEOM90045,GERM10001,GERM10002,GERM10004,GERM10005,GERM10006,GERM10007,GERM10008,GERM10009,GERM20001,GERM20002,GERM20003,GERM20004,GERM20005,GERM20006,GERM20007,GERM20008,GERM20009,GERM20010,GERM30001,GERM30002,GERM30003,GERM30004,GERM30005,GERM30006,GERM30021,GERM30022,GERM30023,GERM40002,GERM40010,GERM40016,GERM40017,GERM90002,GERM90003,GERM90004,HEBR10001,HEBR10002,HEBR10005,HEBR10006,HEBR10011,HEBR10012,HEBR20005,HEBR20006,HEBR20007,HEBR20008,HEBR30003,HEBR30004,HIST10012,HIST10015,HIST10016,HIST20010,HIST20013,HIST20034,HIST20035,HIST20052,HIST20059,HIST20060,HIST20062,HIST20065,HIST20068,HIST20069,HIST20070,HIST20071,HIST20072,HIST20073,HIST20075,HIST20077,HIST20078,HIST20079,HIST20080,HIST20081,HIST20082,HIST20084,HIST30004,HIST30006,HIST30010,HIST30015,HIST30051,HIST30059,HIST30060,HIST30064,HIST30065,HIST30066,HIST30068,HIST30070,HIST30071,HIST30073,HIST30074,HIST40001,HIST40030,HIST40037,HIST40039,HIST40040,HIST40041,HIST70002,HIST80001,HIST90023,HIST90024,HIST90026,HIST90027,HIST90032,HIST90033,HIST90034,HIST90035,HIST90036,HIST90037,HLTH90001,HLTH90002,HLTH90003,HLTH90004,HLTH90006,HLTH90007,HLTH90008,HLTH90009,HLTH90010,HLTH90011,HLTH90012,HLTH90013,HLTH90014,HLTH90015,HLTH90016,HLTH90017,HLTH90018,HLTH90019,HLTH90020,HLTH90021,HORT10016,HORT20013,HORT20014,HORT20017,HORT20019,HORT20026,HORT20027,HORT20028,HORT20029,HORT90004,HORT90008,HORT90011,HORT90033,HORT90034,HORT90035,HORT90038,HORT90039,HORT90041,HORT90042,HORT90043,HORT90044,HORT90046,HORT90048,HPSC10001,HPSC10002,HPSC10003,HPSC20001,HPSC20002,HPSC20009,HPSC20015,HPSC20020,HPSC20022,HPSC20023,HPSC30019,HPSC30023,HPSC30034,HPSC30035,HPSC30036,HPSC40016,HPSC40018,HPSC40019,HPSC70001,HPSC90010,HPSC90012,HPSC90013,IBUS20001,IBUS20002,IBUS20005,IBUS20006,IBUS20007,IBUS30002,IBUS30003,IBUS30004,IBUS90001,IBUS90002,IBUS90003,IBUS90004,IBUS90005,IBUS90006,IBUS90007,INDO10001,INDO10002,INDO10003,INDO10004,INDO10005,INDO10006,INDO10011,INDO10012,INDO10013,INDO10014,INDO20001
INDO20006,INDO20007,INDO20008,INDO20009,INDO20014,INDO20015,INDO20016,INDO20017,INDO30002,INDO30003,INDO30006,INDO30007,INDO30011,INDO30017,INDO30018,INDO30019,INDO30020,INDO40001,INDO40002,INDO40003,INDO40008,INDO40009,INDO90002,INDO90003,INFO10003,INFO20002,INFO20003,INFO20004,INFO30004,INFO30005,INFO30006,INFO30008,INFO30009,INFO90001,INFO90002,INFO90003,INFO90004,INFO90005,INFO90006,INFO90007,INFO90008,INFO90009,INFO90010,INTS10001,INTS70001,INTS90007,INTS90008,ISLM10001,ISLM10002,ISLM20003,ISLM20015,ISLM20016,ISLM30003,ISLM30017,ISLM30018,ISLM30019,ISLM40001,ISLM40011,ISLM40012,ISLM90007,ISLM90008,ISLM90011,ISLM90013,ISLM90015,ISYS10001,ISYS20006,ISYS30008,ISYS80001,ISYS90026,ISYS90032,ISYS90034,ISYS90035,ISYS90036,ISYS90038,ISYS90039,ISYS90040,ISYS90043,ISYS90045,ISYS90048,ISYS90049,ISYS90050,ISYS90051,ISYS90055,ISYS90069,ISYS90070,ISYS90076,ISYS90077,ISYS90078,ISYS90079,ISYS90081,ISYS90082,ISYS90086,ISYS90087,ISYS90089,ISYS90090,ISYS90091,ISYS90092,ISYS90093,ISYS90094,ISYS90095,ISYS90096,ISYS90097,ISYS90098,ISYS90099,ISYS90100,ISYS90101,ISYS90102,ISYS90103,ISYS90104,ISYS90105,ISYS90106,ISYS90107,ISYS90108,ISYS90109,ISYS90110,ISYS90111,ITAL10001,ITAL10002,ITAL10004,ITAL10005,ITAL10006,ITAL10007,ITAL10008,ITAL10009,ITAL10010,ITAL20001,ITAL20002,ITAL20003,ITAL20004,ITAL20006,ITAL20007,ITAL20008,ITAL20009,ITAL20010,ITAL20011,ITAL20012,ITAL30001,ITAL30003,ITAL30004,ITAL30005,ITAL30006,ITAL30007,ITAL30010,ITAL30012,ITAL30013,ITAL30014,ITAL30015,ITAL30016,ITAL40001,ITAL40002,ITAL40009,ITAL40015,ITAL40016,ITAL90002,ITAL90003,ITAL90004,JAPN10001,JAPN10002,JAPN10003,JAPN10004,JAPN10005,JAPN10006,JAPN10007,JAPN10008,JAPN10009,JAPN10010,JAPN20002,JAPN20003,JAPN20004,JAPN20005,JAPN20007,JAPN20008,JAPN20009,JAPN20010,JAPN20011,JAPN20012,JAPN20013,JAPN20014,JAPN20016,JAPN20018,JAPN30002,JAPN30003,JAPN30004,JAPN30005,JAPN30006,JAPN30007,JAPN30008,JAPN30010,JAPN30011,JAPN30012,JAPN30013,JAPN40001,JAPN40002,JAPN40003,JAPN40008,JAPN40009,JAPN90002,JAPN90003,JEWI20006,JEWI20007
JEWI30005,JOUR90001,JOUR90003,JOUR90004,JOUR90005,JOUR90006,JOUR90007,JOUR90008,JOUR90009,JOUR90010,JOUR90011,JOUR90013,JOUR90015,JOUR90016,JOUR90017,JOUR90018,JOUR90019,JOUR90020,JOUR90021,JOUR90022,JOUR90023,KORE10001,KORE20001,KORE30001,LANG30001,LANG40003,LANG40004,LANG90001,LANG90002,LARC10001,LARC20001,LARC30001,LARC30002,LARC90001,LAWS10005,LAWS10006,LAWS20008,LAWS20009,LAWS20011,LAWS30017,LAWS30024,LAWS30029,LAWS30031,LAWS50023,LAWS50024,LAWS50025,LAWS50026,LAWS50027,LAWS50028,LAWS50029,LAWS50030,LAWS50031,LAWS50032,LAWS50033,LAWS50034,LAWS50035,LAWS50036,LAWS50037,LAWS50038,LAWS50039,LAWS50041,LAWS50042,LAWS50045,LAWS50046,LAWS50047,LAWS50049,LAWS50050,LAWS50051,LAWS50052,LAWS50055,LAWS50056,LAWS50057,LAWS50058,LAWS50059,LAWS50060,LAWS50063,LAWS50064,LAWS50066,LAWS50067,LAWS50068,LAWS50069,LAWS50070,LAWS50071,LAWS50073,LAWS50075,LAWS50078,LAWS50080,LAWS50084,LAWS50085,LAWS50088,LAWS50091,LAWS50093,LAWS50094,LAWS50095,LAWS50096,LAWS50098,LAWS50101,LAWS50102,LAWS50106,LAWS50108,LAWS50109,LAWS50110,LAWS50114,LAWS50115,LAWS50116,LAWS50117,LAWS50118,LAWS50119,LAWS50120,LAWS50121,LAWS50122,LAWS50124,LAWS50125,LAWS50126,LAWS50127,LAWS50128,LAWS50130,LAWS50131,LAWS50132,LAWS50133,LAWS70002,LAWS70003,LAWS70005,LAWS70006,LAWS70008,LAWS70009,LAWS70011,LAWS70013,LAWS70015,LAWS70016,LAWS70018,LAWS70019,LAWS70021,LAWS70023,LAWS70024,LAWS70025,LAWS70027,LAWS70028,LAWS70031,LAWS70033,LAWS70036,LAWS70037,LAWS70042,LAWS70046,LAWS70049,LAWS70052,LAWS70053,LAWS70059,LAWS70060,LAWS70061,LAWS70065,LAWS70067,LAWS70068,LAWS70069,LAWS70071,LAWS70073,LAWS70078,LAWS70080,LAWS70081,LAWS70082,LAWS70091,LAWS70093,LAWS70100,LAWS70104,LAWS70105,LAWS70106,LAWS70107,LAWS70110,LAWS70111,LAWS70112,LAWS70113,LAWS70114,LAWS70117,LAWS70118,LAWS70120,LAWS70121,LAWS70122,LAWS70124,LAWS70125,LAWS70128,LAWS70130,LAWS70133,LAWS70134,LAWS70135,LAWS70139,LAWS70140,LAWS70141,LAWS70144,LAWS70146,LAWS70148,LAWS70149,LAWS70151,LAWS70161,LAWS70162,LAWS70163,LAWS70164,LAWS70165,LAWS70166,LAWS70169,LAWS70171
LAWS70173,LAWS70176,LAWS70178,LAWS70181,LAWS70182,LAWS70184,LAWS70185,LAWS70186,LAWS70190,LAWS70193,LAWS70194,LAWS70197,LAWS70200,LAWS70201,LAWS70202,LAWS70203,LAWS70205,LAWS70206,LAWS70207,LAWS70208,LAWS70209,LAWS70210,LAWS70217,LAWS70218,LAWS70219,LAWS70222,LAWS70225,LAWS70229,LAWS70230,LAWS70234,LAWS70236,LAWS70238,LAWS70239,LAWS70240,LAWS70242,LAWS70245,LAWS70259,LAWS70261,LAWS70264,LAWS70266,LAWS70267,LAWS70269,LAWS70270,LAWS70273,LAWS70275,LAWS70293,LAWS70301,LAWS70303,LAWS70304,LAWS70308,LAWS70313,LAWS70314,LAWS70316,LAWS70318,LAWS70319,LAWS70322,LAWS70323,LAWS70327,LAWS70328,LAWS70329,LAWS70331,LAWS70332,LAWS70333,LAWS70334,LAWS70335,LAWS70336,LAWS70343,LAWS70344,LAWS70348,LAWS70349,LAWS70350,LAWS70351,LAWS70353,LAWS70360,LAWS70362,LAWS70365,LAWS70366,LAWS70367,LAWS70368,LAWS70369,LAWS70371,LAWS70372,LAWS70376,LAWS70379,LAWS70380,LAWS70382,LAWS70385,LAWS70386,LAWS70387,LAWS70388,LAWS70389,LAWS70390,LAWS70391,LAWS70392,LAWS70394,LAWS70396,LAWS70397,LAWS70398,LAWS70399,LAWS70401,LAWS70402,LAWS70403,LAWS70404,LAWS70406,LAWS70407,LAWS70408,LAWS70409,LAWS70410,LAWS70411,LAWS70413,LAWS70414,LAWS70415,LAWS70417,LAWS70418,LAWS70420,LAWS70421,LAWS70422,LAWS70423,LAWS70424,LAWS70425,LAWS70428,LAWS70429,LAWS70430,LAWS70433,LAWS70436,LAWS70437,LAWS70441,LAWS70444,LAWS70446,LAWS70447,LAWS70448,LAWS70450,LAWS70451,LAWS70452,LAWS70453,LAWS70454,LAWS70455,LAWS70456,LAWS70457,LAWS70458,LAWS70460,LAWS70461,LAWS70462,LAWS70464,LAWS70468,LAWS70469,LAWS90003,LAWS90004,LAWS90005,LAWS90006,LAWS90007,LAWS90008,LAWS90009,LAWS90010,LAWS90011,LAWS90012,LAWS90013,LAWS90014,LAWS90016,LAWS90017,LAWS90018,LAWS90019,LAWS90020,LAWS90021,LAWS90022,LAWS90023,LAWS90024,LAWS90025,LAWS90026,LAWS90027,LAWS90028,LAWS90029,LAWS90030,LAWS90031,LAWS90032,LAWS90033,LAWS90034,LAWS90035,LAWS90036,LAWS90037,LAWS90038,LAWS90039,LAWS90040,LAWS90041,LAWS90042,LAWS90043,LAWS90044,LAWS90045,LAWS90046,LAWS90047,LAWS90048,LAWS90049,LAWS90050,LAWS90051,LAWS90052,LAWS90053,LAWS90054,LAWS90055,LAWS90056,LAWS90057
LAWS90058,LAWS90059,LAWS90060,LAWS90061,LAWS90062,LAWS90063,LAWS90064,LAWS90065,LAWS90066,LAWS90067,LAWS90068,LAWS90069,LAWS90070,LAWS90071,LAWS90072,LAWS90073,LAWS90074,LAWS90075,LAWS90076,LAWS90077,LAWS90078,LAWS90079,LAWS90080,LAWS90081,LAWS90082,LAWS90083,LAWS90084,LAWS90085,LAWS90086,LAWS90087,LAWS90088,LAWS90089,LAWS90090,LAWS90091,LAWS90092,LAWS90093,LAWS90094,LAWS90095,LAWS90096,LAWS90097,LAWS90098,LAWS90099,LAWS90100,LAWS90101,LAWS90102,LAWS90103,LAWS90104,LAWS90105,LAWS90106,LAWS90107,LAWS90108,LAWS90109,LAWS90110,LAWS90111,LAWS90112,LAWS90113,LAWS90114,LAWS90115,LAWS90116,LAWS90117,LAWS90118,LAWS90119,LAWS90120,LAWS90121,LAWS90122,LAWS90124,LAWS90125,LAWS90126,LAWS90127,LAWS90128,LAWS90129,LAWS90130,LAWS90131,LAWS90132,LAWS90133,LAWS90134,LAWS90135,LAWS90136,LAWS90140,LAWS90141,LAWS90142,LAWS90143,LAWS90144,LAWS90145,LAWS90146,LAWS90147,LAWS90148,LAWS90149,LAWS90150,LAWS90151,LAWS90152,LAWS90153,LAWS90154,LAWS90155,LAWS90156,LAWS90157,LAWS90158,LAWS90159,LAWS90160,LAWS90161,LAWS90162,LAWS90163,LAWS90164,LAWS90166,LING10001,LING10002,LING20003,LING20005,LING20006,LING20009,LING20010,LING20011,LING30001,LING30002,LING30003,LING30004,LING30007,LING30012,LING30013,LING30014,LING40001,LING40002,LING40003,LING40004,LING40006,LING40008,LING40009,LING40013,LING40015,LING40016,LING70002,LING70003,LING80001,LING90002,LING90003,LING90005,LING90006,LING90007,LING90008,LING90009,LING90010,LING90012,LING90015,LING90016,LING90018,LING90019,LING90020,LING90021,LING90026,LING90028,LING90029,LING90030,LING90031,LING90032,LING90033,LING90034,LING90035,LING90036,LING90037,LING90038,MAST10005,MAST10006,MAST10007,MAST10008,MAST10009,MAST10010,MAST10011,MAST10012,MAST10014,MAST10015,MAST10016,MAST10017,MAST10020,MAST20004,MAST20005,MAST20006,MAST20009,MAST20018,MAST20022,MAST20026,MAST20029,MAST20030,MAST20031,MAST30001,MAST30005,MAST30011,MAST30012,MAST30013,MAST30020,MAST30021,MAST30022,MAST30024,MAST30025,MAST30026,MAST30027,MAST30028,MAST30030,MAST30031,MAST30032,MAST30033
MAST30034,MAST90007,MAST90011,MAST90012,MAST90013,MAST90014,MAST90017,MAST90019,MAST90020,MAST90023,MAST90025,MAST90026,MAST90027,MAST90029,MAST90030,MAST90031,MAST90042,MAST90044,MAST90045,MAST90046,MAST90047,MAST90048,MAST90050,MAST90051,MAST90053,MAST90056,MAST90057,MAST90058,MAST90059,MAST90060,MAST90064,MAST90065,MAST90067,MAST90068,MAST90069,MAST90072,MAST90073,MAST90074,MAST90075,MAST90076,MAST90077,MAST90078,MAST90079,MAST90081,MAST90082,MAST90083,MAST90084,MAST90085,MAST90097,MAST90098,MAST90099,MAST90100,MAST90101,MAST90102,MAST90103,MAST90104,MAST90105,MAST90106,MAST90107,MAST90108,MAST90109,MAST90110,MAST90111,MAST90112,MAST90113,MAST90114,MAST90115,MAST90116,MAST90117,MAST90118,MAST90119,MAST90120,MAST90121,MAST90122,MAST90123,MAST90124,MAST90125,MAST90126,MAST90127,MAST90128,MAST90129,MAST90130,MAST90131,MAST90132,MAST90133,MAST90134,MAST90135,MCEN30014,MCEN30017,MCEN30018,MCEN30019,MCEN30020,MCEN80001,MCEN90007,MCEN90008,MCEN90012,MCEN90013,MCEN90014,MCEN90015,MCEN90017,MCEN90018,MCEN90019,MCEN90020,MCEN90022,MCEN90023,MCEN90026,MCEN90028,MCEN90029,MCEN90031,MCEN90032,MCEN90034,MCEN90036,MCEN90038,MCEN90040,MCEN90041,MCEN90042,MCEN90043,MCEN90044,MCEN90045,MCEN90046,MCEN90047,MCEN90048,MECM10003,MECM10005,MECM10006,MECM20003,MECM20006,MECM20010,MECM20011,MECM20012,MECM20013,MECM30002,MECM30004,MECM30008,MECM30013,MECM30015,MECM30016,MECM30017,MECM30018,MECM40003,MECM40006,MECM40007,MECM40011,MECM40018,MECM40019,MECM50001,MECM70001,MECM90002,MECM90003,MECM90007,MECM90009,MECM90010,MECM90015,MECM90016,MECM90017,MECM90019,MECM90020,MECM90024,MECM90025,MECM90026,MECM90028,MECM90029,MECM90030,MECM90031,MECM90032,MECM90033,MECM90034,MECM90035,MECM90036,MECM90037,MECM90038,MECM90039,MEDI40002,MEDI40004,MEDI40005,MEDI40006,MEDI40013,MEDI40014,MEDI40015,MEDI90019,MEDI90046,MEDI90047,MEDI90048,MEDI90049,MEDI90050,MEDI90051,MEDI90054,MEDI90056,MEDI90057,MEDI90058,MEDI90059,MEDI90083,MEDI90084,MEDI90085,MEDI90086,MEDI90087,MEDI90088,MEDI90089,MEDI90090,MEDI90091
MEDI90092,MEDI90093,MEDI90094,MEDI90095,MEDI90096,MEDI90097,MEDI90098,MEDI90099,MEDI90100,MEDI90101,MEDI90102,MEDS30004,MEDS40006,MEDS90001,MEDS90002,MEDS90003,MEDS90004,MEDS90005,MEDS90006,MEDS90007,MEDS90008,MEDS90009,MEDS90010,MEDS90011,MEDS90012,MEDS90013,MEDS90014,MEDS90015,MEDS90016,MEDS90017,MEDS90018,MEDS90020,MEDS90021,MEDS90022,MEDS90024,MEDS90025,MEDS90026,MEDS90027,MEDS90028,MEDS90029,MEDS90030,MGMT10002,MGMT10003,MGMT20001,MGMT20002,MGMT20003,MGMT20004,MGMT20005,MGMT20006,MGMT20007,MGMT20009,MGMT20011,MGMT20012,MGMT30002,MGMT30004,MGMT30005,MGMT30006,MGMT30008,MGMT30011,MGMT30012,MGMT30013,MGMT30015,MGMT30017,MGMT30018,MGMT30019,MGMT80001,MGMT90010,MGMT90011,MGMT90012,MGMT90013,MGMT90014,MGMT90015,MGMT90016,MGMT90017,MGMT90018,MGMT90022,MGMT90025,MGMT90026,MGMT90027,MGMT90030,MGMT90031,MGMT90032,MGMT90037,MGMT90038,MGMT90040,MGMT90041,MGMT90043,MGMT90045,MGMT90047,MGMT90048,MGMT90049,MGMT90107,MGMT90111,MGMT90117,MGMT90118,MGMT90119,MGMT90120,MGMT90121,MGMT90122,MGMT90123,MGMT90124,MGMT90125,MGMT90126,MGMT90127,MGMT90128,MGMT90129,MGMT90130,MGMT90131,MGMT90132,MGMT90134,MGMT90140,MGMT90141,MGMT90146,MGMT90147,MGMT90148,MGMT90160,MGMT90162,MGMT90164,MGMT90165,MGMT90166,MGMT90168,MGMT90169,MGMT90171,MGMT90172,MGMT90173,MGMT90174,MGMT90175,MGMT90176,MGMT90177,MGMT90182,MGMT90184,MGMT90192,MGMT90193,MGMT90195,MGMT90196,MGMT90197,MGMT90198,MGMT90199,MGMT90200,MGMT90201,MGMT90202,MGMT90203,MGMT90204,MGMT90205,MGMT90206,MGMT90207,MGMT90208,MGMT90209,MGMT90211,MGMT90212,MGMT90213,MGMT90215,MGMT90216,MGMT90217,MGMT90218,MGMT90219,MGMT90220,MGMT90221,MGMT90222,MGMT90223,MGMT90224,MGMT90225,MGMT90226,MGMT90227,MGMT90228,MGMT90229,MGMT90230,MGMT90231,MGMT90232,MGMT90233,MGMT90234,MGMT90235,MGMT90236,MGMT90237,MGMT90238,MGMT90239,MGMT90240,MGMT90241,MGMT90242,MGMT90244,MGMT90245,MGMT90246,MGMT90247,MGMT90248,MGMT90249,MGMT90250,MGMT90251,MIIM20001,MIIM20002,MIIM30002,MIIM30003,MIIM30011,MIIM30014,MIIM30015,MIIM30016,MIIM40002,MIIM40005,MIIM40006,MIIM40007,MKTG10001
MKTG20001,MKTG20004,MKTG20006,MKTG20007,MKTG20008,MKTG20009,MKTG30003,MKTG30006,MKTG30007,MKTG30008,MKTG30009,MKTG30010,MKTG30011,MKTG30012,MKTG90001,MKTG90002,MKTG90003,MKTG90004,MKTG90005,MKTG90006,MKTG90007,MKTG90008,MKTG90009,MKTG90011,MKTG90012,MKTG90017,MKTG90019,MKTG90020,MKTG90021,MKTG90022,MKTG90023,MKTG90024,MKTG90025,MKTG90026,MKTG90032,MKTG90033,MKTG90037,MKTG90038,MKTG90039,MREN90001,MREN90002,MREN90003,MREN90004,MREN90005,MULT10001,MULT10011,MULT10013,MULT10014,MULT10015,MULT10016,MULT10017,MULT10018,MULT10019,MULT20003,MULT20008,MULT20010,MULT20011,MULT20012,MULT20013,MULT20014,MULT30014,MULT30015,MULT30017,MULT30018,MULT30019,MULT30020,MULT30021,MULT30022,MULT40007,MULT40008,MULT50001,MULT50002,MULT90002,MULT90004,MULT90005,MULT90012,MULT90014,MULT90018,MULT90019,MULT90022,MULT90024,MULT90028,MULT90041,MULT90044,MULT90052,MULT90054,MULT90055,MULT90056,MULT90058,MULT90059,MULT90061,MULT90062,MUSI10001,MUSI10002,MUSI10004,MUSI10011,MUSI10012,MUSI10016,MUSI10017,MUSI10021,MUSI10022,MUSI10023,MUSI10037,MUSI10041,MUSI10042,MUSI10047,MUSI10052,MUSI10053,MUSI10056,MUSI10057,MUSI10058,MUSI10059,MUSI10060,MUSI10061,MUSI10066,MUSI10067,MUSI10068,MUSI10069,MUSI10076,MUSI10077,MUSI10092,MUSI10093,MUSI10148,MUSI10159,MUSI10162,MUSI10173,MUSI10174,MUSI10179,MUSI10180,MUSI10181,MUSI10182,MUSI10184,MUSI10191,MUSI10192,MUSI10193,MUSI10194,MUSI10195,MUSI10196,MUSI10197,MUSI10202,MUSI10204,MUSI10206,MUSI10207,MUSI10219,MUSI10220,MUSI10221,MUSI10222,MUSI10223,MUSI10225,MUSI10226,MUSI10227,MUSI10228,MUSI10229,MUSI20008,MUSI20013,MUSI20014,MUSI20025,MUSI20026,MUSI20053,MUSI20055,MUSI20056,MUSI20057,MUSI20058,MUSI20059,MUSI20060,MUSI20061,MUSI20069,MUSI20070,MUSI20071,MUSI20072,MUSI20073,MUSI20074,MUSI20080,MUSI20081,MUSI20082,MUSI20083,MUSI20084,MUSI20087,MUSI20088,MUSI20089,MUSI20090,MUSI20091,MUSI20092,MUSI20093,MUSI20094,MUSI20099,MUSI20100,MUSI20104,MUSI20105,MUSI20108,MUSI20112,MUSI20113,MUSI20120,MUSI20122,MUSI20123,MUSI20124,MUSI20132,MUSI20134,MUSI20135,MUSI20138
MUSI20141,MUSI20143,MUSI20149,MUSI20150,MUSI20155,MUSI20156,MUSI20158,MUSI20160,MUSI20161,MUSI20163,MUSI20164,MUSI20167,MUSI20173,MUSI20174,MUSI20175,MUSI20176,MUSI20177,MUSI20178,MUSI20179,MUSI20180,MUSI20181,MUSI20182,MUSI20183,MUSI20184,MUSI20190,MUSI20192,MUSI20196,MUSI20198,MUSI20199,MUSI20200,MUSI20201,MUSI20202,MUSI20203,MUSI20204,MUSI20205,MUSI20206,MUSI20207,MUSI20208,MUSI20209,MUSI20210,MUSI20211,MUSI20212,MUSI20213,MUSI20214,MUSI20215,MUSI20216,MUSI20217,MUSI20218,MUSI20219,MUSI20220,MUSI20221,MUSI20222,MUSI20223,MUSI30004,MUSI30008,MUSI30009,MUSI30011,MUSI30014,MUSI30015,MUSI30019,MUSI30020,MUSI30024,MUSI30025,MUSI30030,MUSI30031,MUSI30032,MUSI30045,MUSI30046,MUSI30047,MUSI30050,MUSI30051,MUSI30053,MUSI30080,MUSI30116,MUSI30139,MUSI30159,MUSI30160,MUSI30163,MUSI30164,MUSI30165,MUSI30166,MUSI30167,MUSI30168,MUSI30172,MUSI30173,MUSI30174,MUSI30175,MUSI30181,MUSI30182,MUSI30183,MUSI30184,MUSI30185,MUSI30186,MUSI30193,MUSI30194,MUSI30206,MUSI30207,MUSI30213,MUSI30214,MUSI30215,MUSI30216,MUSI30217,MUSI30218,MUSI30223,MUSI30224,MUSI30225,MUSI30226,MUSI30227,MUSI30228,MUSI30229,MUSI30230,MUSI30231,MUSI30232,MUSI30236,MUSI30238,MUSI30244,MUSI30246,MUSI30249,MUSI30250,MUSI30251,MUSI30252,MUSI30253,MUSI30254,MUSI30255,MUSI30256,MUSI30257,MUSI30258,MUSI30259,MUSI30260,MUSI30261,MUSI30262,MUSI30263,MUSI40012,MUSI40013,MUSI40016,MUSI40017,MUSI40021,MUSI40027,MUSI40028,MUSI40032,MUSI40036,MUSI40040,MUSI40041,MUSI40042,MUSI40043,MUSI40044,MUSI40045,MUSI40046,MUSI40047,MUSI40049,MUSI40054,MUSI40055,MUSI40056,MUSI40058,MUSI40060,MUSI40061,MUSI40062,MUSI40063,MUSI40064,MUSI40066,MUSI40067,MUSI40068,MUSI40070,MUSI40071,MUSI40073,MUSI40074,MUSI40075,MUSI40076,MUSI40078,MUSI40079,MUSI40080,MUSI40081,MUSI40082,MUSI40083,MUSI40084,MUSI40088,MUSI40089,MUSI40090,MUSI40091,MUSI40092,MUSI40094,MUSI40095,MUSI40097,MUSI40098,MUSI40099,MUSI40100,MUSI40101,MUSI40102,MUSI40103,MUSI40104,MUSI40105,MUSI40106,MUSI40107,MUSI40108,MUSI70016,MUSI70021,MUSI90003,MUSI90006,MUSI90012,MUSI90014
MUSI90015,MUSI90018,MUSI90019,MUSI90024,MUSI90026,MUSI90027,MUSI90032,MUSI90033,MUSI90034,MUSI90035,MUSI90036,MUSI90037,MUSI90038,MUSI90039,MUSI90040,MUSI90041,MUSI90042,MUSI90043,MUSI90044,MUSI90045,MUSI90048,MUSI90093,MUSI90094,MUSI90100,MUSI90135,MUSI90137,MUSI90144,MUSI90145,MUSI90147,MUSI90148,MUSI90149,MUSI90150,MUSI90151,MUSI90152,MUSI90153,MUSI90154,MUSI90155,MUSI90156,MUSI90157,MUSI90160,MUSI90164,MUSI90166,MUSI90168,MUSI90169,MUSI90170,MUSI90171,MUSI90172,MUSI90178,MUSI90179,MUSI90183,MUSI90185,MUSI90186,MUSI90187,MUSI90188,MUSI90189,MUSI90190,MUSI90191,MUSI90192,MUSI90193,MUSI90194,MUSI90195,MUSI90196,MUSI90197,MUSI90198,MUSI90199,MUSI90200,MUSI90217,MUSI90218,MUSI90219,MUSI90220,MUSI90221,MUSI90222,MUSI90223,MUSI90224,MUSI90225,MUSI90226,MUSI90227,MUSI90228,MUSI90229,MUSI90230,MUSI90231,MUSI90232,MUSI90233,MUSI90234,MUSI90235,MUSI90236,MUSI90237,MUSI90238,MUSI90239,MUST10001,MUST10002,MUST10003,MUST10004,MUST10005,MUST10006,MUST10007,MUST10008,MUST10009,MUST10010,MUST10011,MUST10012,MUST20001,MUST20002,MUST20003,MUST20004,MUST20005,MUST20006,MUST20007,MUST20008,MUST20009,MUST20010,MUST20011,MUST30001,MUST30002,MUST30003,MUST30004,MUST30005,MUST30006,MUST30007,MUST30008,MUST30009,MUST30010,MUST30011,MUST30012,NEUR30002,NEUR30003,NEUR30004,NEUR30005,NEUR30006,NEUR80001,NEUR90007,NEUR90008,NEUR90009,NEUR90010,NEUR90011,NEUR90012,NEUR90013,NEUR90014,NEUR90015,NEUR90016,NEUR90017,NEUR90018,NRMT10007,NRMT20016,NRMT40005,NRMT40012,NRMT40013,NRMT40014,NRMT40015,NRMT40016,NRMT40017,NRMT90002,NRMT90003,NRMT90007,NRMT90029,NRMT90030,NRMT90031,NRMT90032,NURS90002,NURS90007,NURS90009,NURS90010,NURS90012,NURS90013,NURS90018,NURS90025,NURS90026,NURS90028,NURS90046,NURS90047,NURS90052,NURS90053,NURS90055,NURS90057,NURS90059,NURS90061,NURS90064,NURS90065,NURS90066,NURS90067,NURS90068,NURS90069,NURS90070,NURS90071,NURS90072,NURS90073,NURS90074,NURS90075,NURS90076,NURS90077,NURS90078,NURS90079,NURS90080,NURS90082,NURS90083,NURS90084,NURS90085,NURS90086,NURS90087,NURS90088
NURS90089,NURS90090,NURS90092,NURS90093,NURS90094,NURS90095,NURS90096,NURS90097,NURS90098,NURS90099,NURS90100,NURS90101,NURS90102,NURS90103,NURS90104,NURS90105,NURS90106,NURS90108,NURS90109,NURS90110,NURS90111,NURS90112,NURS90113,NURS90114,NURS90115,NURS90116,NURS90117,NURS90118,NURS90119,NURS90120,NURS90121,NURS90122,NURS90123,NURS90124,NURS90125,NURS90126,NURS90127,NURS90128,NURS90129,NURS90130,NURS90131,NURS90132,NURS90133,NURS90134,NUTR20001,NUTR30001,NUTR30002,NUTR30003,NUTR30004,OPTO20004,OPTO30007,OPTO40012,OPTO40013,OPTO90006,OPTO90007,OPTO90009,OPTO90010,OPTO90015,OPTO90016,OPTO90017,OPTO90018,OPTO90019,OPTO90020,OPTO90021,OPTO90022,OPTO90023,OPTO90024,OPTO90025,OPTO90026,OPTO90027,OPTO90028,OPTO90029,OPTO90031,ORAL10001,ORAL10002,ORAL10003,ORAL10004,ORAL10005,ORAL20001,ORAL20002,ORAL20003,ORAL20004,ORAL20005,ORAL30001,ORAL30002,ORAL30003,ORAL40001,ORAL40002,ORAL90001,ORAL90002,ORAL90003,OTOL40001,OTOL40002,OTOL40003,PADM10001,PADM90001,PADM90002,PADM90003,PADM90004,PADM90005,PADM90006,PADM90007,PADM90008,PADM90009,PADM90010,PADM90011,PADM90012,PADM90013,PADM90014,PADM90015,PADM90016,PADM90017,PAED40001,PAED40002,PAED40005,PAED90005,PAED90007,PAED90016,PAED90020,PAED90023,PAED90026,PATH20001,PATH20003,PATH30001,PATH30002,PATH30003,PATH30004,PATH40001,PATH40002,PATH40005,PATH40006,PATH40007,PERF30001,PHIL10002,PHIL10003,PHIL10004,PHIL20001,PHIL20008,PHIL20030,PHIL20033,PHIL20038,PHIL20039,PHIL20040,PHIL20041,PHIL20043,PHIL20044,PHIL20045,PHIL30007,PHIL30016,PHIL30024,PHIL30043,PHIL30047,PHIL30051,PHIL30052,PHIL30053,PHIL30054,PHIL40002,PHIL40003,PHIL40004,PHIL40005,PHIL40007,PHIL40013,PHIL40017,PHIL40018,PHIL40020,PHIL40021,PHIL40022,PHIL70004,PHIL70005,PHIL90004,PHIL90005,PHIL90007,PHIL90009,PHIL90010,PHIL90021,PHIL90022,PHIL90024,PHIL90025,PHIL90027,PHIL90029,PHIL90030,PHIL90032,PHIL90034,PHIL90035,PHIL90036,PHIL90037,PHIL90038,PHIL90039,PHIL90040,PHIL90041,PHIL90042,PHRM20001,PHRM30002,PHRM30003,PHRM30008,PHRM30009,PHRM40001,PHRM40002,PHRM40006,PHRM90001
PHRM90002,PHRM90022,PHTY90002,PHTY90003,PHTY90004,PHTY90013,PHTY90030,PHTY90040,PHTY90082,PHTY90083,PHTY90089,PHTY90090,PHTY90091,PHTY90092,PHTY90093,PHTY90094,PHTY90095,PHTY90096,PHTY90097,PHTY90098,PHTY90099,PHTY90100,PHTY90101,PHTY90102,PHTY90103,PHTY90104,PHTY90106,PHTY90107,PHTY90108,PHTY90109,PHTY90111,PHTY90112,PHTY90113,PHYC10001,PHYC10002,PHYC10003,PHYC10004,PHYC10005,PHYC10006,PHYC10007,PHYC10008,PHYC20009,PHYC20010,PHYC20011,PHYC20012,PHYC20013,PHYC20014,PHYC20015,PHYC30011,PHYC30014,PHYC30015,PHYC30016,PHYC30017,PHYC30018,PHYC30019,PHYC30020,PHYC30021,PHYC30022,PHYC40002,PHYC40004,PHYC40007,PHYC40008,PHYC40009,PHYC40010,PHYC40011,PHYC40012,PHYC40013,PHYC40014,PHYC40015,PHYC40016,PHYC90006,PHYC90007,PHYC90008,PHYC90009,PHYC90010,PHYC90011,PHYC90012,PHYC90013,PHYC90021,PHYC90022,PHYC90023,PHYC90024,PHYC90029,PHYC90030,PHYC90033,PHYC90034,PHYC90035,PHYC90038,PHYC90040,PHYC90044,PHYC90045,PHYC90046,PHYC90047,PHYC90048,PHYC90049,PHYC90050,PHYS20008,PHYS20009,PHYS30001,PHYS30005,PHYS30008,PHYS30009,PHYS40005,PHYS40006,PHYS90007,PHYS90008,PLAN10001,PLAN10002,PLAN20002,PLAN30001,PLAN30003,PLAN30004,PLAN90001,POLS10001,POLS10003,POLS20006,POLS20008,POLS20011,POLS20023,POLS20025,POLS20026,POLS20028,POLS20029,POLS20030,POLS20031,POLS20032,POLS30001,POLS30002,POLS30003,POLS30007,POLS30011,POLS30015,POLS30018,POLS30019,POLS30022,POLS30028,POLS30030,POLS30031,POLS30032,POLS30033,POLS30034,POLS30035,POLS30036,POLS40013,POLS40021,POLS40022,POLS40023,POLS40024,POLS40025,POLS80001,POLS90007,POLS90009,POLS90011,POLS90012,POLS90013,POLS90015,POLS90016,POLS90017,POLS90022,POLS90023,POLS90024,POLS90026,POLS90028,POLS90030,POLS90031,POLS90034,POLS90035,POLS90037,POLS90038,POLS90041,POLS90042,POLS90043,POLS90044,POLS90045,POLS90046,POLS90047,POLS90048,POLS90050,POLS90051,POLS90052,POLS90053,POLS90054,POLS90055,POLS90056,POLS90057,POLS90058,POLS90059,POLS90060,POLS90061,POPH20001,POPH40005,POPH40006,POPH90013,POPH90014,POPH90020,POPH90058,POPH90066,POPH90068,POPH90069,POPH90070
POPH90086,POPH90087,POPH90088,POPH90090,POPH90093,POPH90094,POPH90095,POPH90111,POPH90112,POPH90117,POPH90118,POPH90119,POPH90120,POPH90121,POPH90122,POPH90123,POPH90124,POPH90131,POPH90137,POPH90139,POPH90144,POPH90145,POPH90148,POPH90149,POPH90151,POPH90167,POPH90168,POPH90169,POPH90170,POPH90171,POPH90172,POPH90173,POPH90189,POPH90190,POPH90191,POPH90199,POPH90200,POPH90201,POPH90205,POPH90206,POPH90209,POPH90217,POPH90218,POPH90226,POPH90227,POPH90229,POPH90230,POPH90231,POPH90233,POPH90239,POPH90242,POPH90243,POPH90244,POPH90245,POPH90246,POPH90247,POPH90255,POPH90256,POPH90257,POPH90258,POPH90259,POPH90260,POPH90262,POPH90263,POPH90264,POPH90266,POPH90267,POPH90268,POPH90270,POPH90271,POPH90273,POPH90274,POPH90275,POPH90276,POPH90277,POPH90278,POPH90279,POPH90280,POPH90281,POPH90282,POPH90283,POPH90284,POPH90285,POPH90286,POPH90287,POPH90288,POPH90289,POPH90290,POPH90291,POPH90292,POPH90294,POPH90295,PPMN10001,PPMN20001,PPMN20002,PPMN40006,PPMN40007,PPMN50001,PPMN90006,PPMN90007,PPMN90010,PPMN90030,PPMN90031,PPMN90032,PPMN90033,PPMN90035,PPMN90037,PPMN90039,PPMN90042,PPMN90043,PPMN90044,PPMN90045,PPMN90046,PPMN90048,PPMN90049,PPMN90050,PPMN90051,PPMN90054,PPMN90055,PROP10001,PROP20001,PROP20002,PROP20003,PROP30001,PROP30002,PROP30003,PSYC10003,PSYC10004,PSYC20001,PSYC20006,PSYC20007,PSYC20008,PSYC20009,PSYC30011,PSYC30012,PSYC30013,PSYC30014,PSYC30016,PSYC30017,PSYC30018,PSYC30019,PSYC30020,PSYC30021,PSYC30022,PSYC40001,PSYC40002,PSYC40004,PSYC40005,PSYC40006,PSYC40008,PSYC40010,PSYC40012,PSYC40013,PSYC40014,PSYC80004,PSYC90003,PSYC90005,PSYC90006,PSYC90007,PSYC90008,PSYC90009,PSYC90010,PSYC90011,PSYC90012,PSYC90014,PSYC90015,PSYC90016,PSYC90017,PSYC90023,PSYC90027,PSYC90029,PSYC90030,PSYC90031,PSYC90032,PSYC90033,PSYC90039,PSYC90042,PSYC90062,PSYC90075,PSYC90076,PSYC90077,PSYC90078,PSYC90079,PSYC90080,PSYC90082,PSYC90083,PSYC90084,PSYC90086,PSYC90087,PSYC90088,PSYC90089,PSYC90090,PSYC90091,PSYC90092,PSYC90093,PSYC90094,PSYC90095,PSYC90096,PSYC90097,PSYC90098
PSYC90099,PSYC90100,PSYC90101,PSYC90102,PSYC90103,PSYC90104,PSYC90105,PSYC90106,PSYC90107,PSYC90108,PSYC90109,PSYT90004,PSYT90006,PSYT90009,PSYT90010,PSYT90014,PSYT90016,PSYT90022,PSYT90023,PSYT90024,PSYT90027,PSYT90028,PSYT90029,PSYT90030,PSYT90032,PSYT90038,PSYT90039,PSYT90040,PSYT90041,PSYT90057,PSYT90059,PSYT90060,PSYT90061,PSYT90062,PSYT90068,PSYT90078,PSYT90079,PSYT90080,PSYT90081,PSYT90082,PSYT90084,PSYT90086,PSYT90087,PSYT90088,PSYT90090,PSYT90092,PSYT90093,PSYT90094,PSYT90095,PSYT90096,PSYT90097,PSYT90098,PSYT90099,PSYT90100,PSYT90101,PSYT90102,PSYT90103,PSYT90104,PSYT90105,PSYT90106,PSYT90107,PSYT90109,PSYT90110,PSYT90112,PSYT90113,PSYT90114,PSYT90115,PSYT90116,PSYT90117,PSYT90118,PSYT90119,PUBL90001,PUBL90002,PUBL90003,PUBL90004,PUBL90005,PUBL90006,PUBL90007,PUBL90009,PUBL90010,PUBL90012,PUBL90013,PUBL90014,PUBL90015,PUBL90016,PUBL90019,PUBL90020,PUBL90021,PUBL90022,PUBL90023,PUBL90024,RADI90003,RADI90010,RADI90011,RADI90012,RADI90013,RADI90014,RADI90015,RADI90016,RADI90017,RADI90018,RADI90019,RADI90020,RADI90021,RADI90022,RADI90023,RADI90024,REHB90001,REHB90002,REHB90003,REHB90004,REHB90005,REHB90006,REHB90007,REHB90008,REHB90009,REHB90010,REHB90011,REHB90012,REHB90013,RURA90008,RURA90009,RUSS10001,RUSS10002,RUSS20004,RUSS20005,RUSS20006,RUSS20007,RUSS30001,RUSS30002,RUSS30005,RUSS40006,RUSS40007,RUSS40009,RUSS40010,SCIE10001,SCIE10002,SCIE10003,SCIE10004,SCIE20001,SCIE20002,SCIE30001,SCIE30002,SCIE30003,SCIE40001,SCIE90002,SCIE90005,SCIE90006,SCIE90011,SCIE90012,SCIE90013,SCIE90014,SCIE90015,SCIE90016,SCIE90017,SCIE90018,SCIE90019,SCIE90020,SCIE90021,SCIE90022,SCIE90023,SCIE90024,SCIE90025,SCIE90026,SCIE90027,SCRN10001,SCRN20011,SCRN20013,SCRN20014,SCRN30001,SCRN30004,SCRN30005,SCRN40002,SCRN40003,SCRN40005,SCRN40006,SCRN40009,SCRN40010,SCRN40013,SCRN40015,SCRN40017,SCRN40018,SCRN50001,SCRN90002,SCRN90004,SCRN90006,SCRN90009,SCWK90027,SCWK90038,SCWK90039,SCWK90045,SCWK90046,SCWK90048,SCWK90049,SCWK90050,SCWK90051,SCWK90053,SCWK90054,SCWK90055,SCWK90056
SCWK90057,SCWK90058,SCWK90059,SCWK90060,SCWK90061,SCWK90062,SCWK90063,SCWK90064,SCWK90065,SCWK90066,SCWK90067,SCWK90068,SCWK90069,SCWK90070,SCWK90071,SKIL90004,SMED90001,SMED90002,SOCI10001,SOCI10003,SOCI20009,SOCI20010,SOCI20014,SOCI20016,SOCI20017,SOCI20018,SOCI30001,SOCI30005,SOCI30009,SOCI30012,SOCI30013,SOCI30014,SOCI30015,SOCI40003,SOCI40006,SOCI40007,SOCI90003,SOCI90004,SOCI90005,SOCI90006,SOCI90010,SOCI90011,SOCI90012,SOCI90013,SOCI90016,SOCI90017,SOCI90018,SOCI90019,SOCI90020,SOCI90021,SOLS10001,SOLS20001,SOLS30001,SOLS40002,SOLS40003,SOLS90004,SOLS90005,SOTH20002,SOTH20003,SOTH20006,SOTH30001,SOTH30004,SOTH40001,SOTH40002,SOTH40003,SOTH40004,SOTH90006,SOTH90007,SPAN10001,SPAN10002,SPAN10003,SPAN10004,SPAN10007,SPAN10008,SPAN20001,SPAN20002,SPAN20003,SPAN20016,SPAN20017,SPAN20018,SPAN20019,SPAN20022,SPAN20024,SPAN20025,SPAN30001,SPAN30012,SPAN30013,SPAN30014,SPAN30015,SPAN30016,SPAN30017,SPAN30019,SPAN30020,SPAN30021,SPAN40002,SPAN40003,SPAN40007,SPAN40008,SPAN90002,SPAN90003,SPAN90004,SURG40001,SURG40002,SURG40005,SURG90021,SURG90022,SURG90023,SURG90024,SURG90025,SURG90026,SURG90027,SURG90028,SURG90029,SURG90030,SURG90031,SWEN20003,SWEN30006,SWEN30007,SWEN90004,SWEN90006,SWEN90007,SWEN90009,SWEN90010,SWEN90013,SWEN90014,SWEN90016,THTR10007,THTR10009,THTR10019,THTR10022,THTR20022,THTR20023,THTR20029,THTR20030,THTR20031,THTR20032,THTR20033,THTR20034,THTR20035,THTR20036,THTR20037,THTR20038,THTR20039,THTR20040,THTR20041,THTR20042,THTR20043,THTR30021,THTR30022,THTR30023,THTR30024,THTR30025,THTR30026,THTR30027,THTR30028,THTR30029,THTR30030,THTR30031,THTR30039,THTR30041,THTR30042,THTR40003,THTR40004,THTR40006,THTR40007,THTR40008,THTR40009,THTR40010,THTR40011,THTR60003,THTR60004,THTR60005,THTR60006,THTR60007,THTR60008,THTR60009,THTR60010,THTR60011,THTR60012,THTR60013,THTR60014,THTR60015,THTR60016,THTR60029,THTR60030,THTR70006,THTR70008,THTR70009,THTR70010,THTR70011,THTR70014,THTR90006,THTR90007,THTR90009,TRAN90001,TRAN90003,TRAN90006,TRAN90007,TRAN90008,TRAN90009
TRAN90010,TRAN90011,TRAN90012,TRAN90013,TRAN90014,TRAN90015,TRAN90016,TRAN90017,TRAN90018,TRAN90019,TRAN90020,TRAN90021,TRAN90022,UNIB10002,UNIB10003,UNIB10004,UNIB10005,UNIB10006,UNIB10007,UNIB10009,UNIB10010,UNIB10011,UNIB10013,UNIB10014,UNIB10016,UNIB10017,UNIB10018,UNIB20001,UNIB20008,UNIB20009,UNIB20012,UNIB20013,UNIB20014,UNIB20016,UNIB20018,UNIB20019,UNIB20020,UNIB30002,UNIB30003,UNIB30005,UNIB30007,UNIB30008,UNIB30010,UNIB30011,UNIB30012,VETS20014,VETS20015,VETS30013,VETS30014,VETS30015,VETS30016,VETS30017,VETS30018,VETS40017,VETS40018,VETS40020,VETS40021,VETS40022,VETS40023,VETS60003,VETS70001,VETS70002,VETS90027,VETS90028,VETS90029,VETS90031,VETS90032,VETS90036,VETS90037,VETS90038,VETS90039,VETS90040,VETS90041,VETS90042,VETS90043,VETS90044,VETS90045,VETS90046,VETS90047,VETS90048,VETS90049,VETS90050,VETS90051,VETS90052,VETS90053,VETS90054,VETS90055,VETS90056,VETS90057,VETS90058,VETS90059,VETS90060,VETS90061,VETS90062,VETS90064,VETS90065,VETS90066,VETS90067,VETS90068,VETS90069,VETS90070,VETS90071,VETS90072,VETS90073,VETS90074,VETS90075,VETS90076,VETS90077,VETS90078,VETS90079,VETS90080,VETS90081,VETS90082,VETS90083,VETS90084,VETS90085,VETS90086,VETS90087,VETS90088,VETS90089,VETS90090,VETS90091,VETS90092,VETS90093,VETS90094,VETS90095,VETS90096,VETS90097,VETS90098,VETS90099,VETS90100,VETS90101,VETS90102,VETS90103,VETS90104,VETS90105,VETS90106,VETS90107,VETS90108,VETS90109,VETS90110,VISM40009,WELF90004,WELF90005,WELF90006,WELF90007,WELF90008,WELF90009,XNTS20035,ZOOL20004,ZOOL20005,ZOOL20006,ZOOL30004,ZOOL30006,ZOOL30007,ZOOL30008,ZOOL30009,ZOOL90007
